model_name:,51la5_bert-large-NER__Only_USER_eval_all.
Win,0,1,2,3,4,5,6,7,8
TP,49,76,99,106,115,130,141,154,161
FP,21,32,44,51,59,70,73,81,84
FN,18,16,17,20,22,24,24,23,24
Precision,0.7,0.7037037037037037,0.6923076923076923,0.6751592356687898,0.6609195402298851,0.65,0.6588785046728972,0.6553191489361702,0.6571428571428571
Recall,0.7313432835820896,0.8260869565217391,0.853448275862069,0.8412698412698413,0.8394160583941606,0.8441558441558441,0.8545454545454545,0.8700564971751412,0.8702702702702703
F1,0.7153284671532848,0.76,0.7644787644787645,0.7491166077738515,0.7395498392282959,0.7344632768361582,0.7440633245382585,0.7475728155339805,0.7488372093023257
PredictTime,11.460028409957886,13.171405553817749,15.245294094085693,18.269734382629395,20.618425607681274,23.12259602546692,22.931143045425415,24.451329469680786,26.486671924591064
""
model_name:,51la5_bert-large-NER__Only_USER_eval_bottom.
Win,0,1,2,3,4,5,6,7,8
TP,49,52,53,50,51,50,51,51,50
FP,21,22,22,25,25,25,25,25,25
FN,18,15,14,14,13,14,13,13,14
Precision,0.7,0.7027027027027027,0.7066666666666667,0.6666666666666666,0.6710526315789473,0.6666666666666666,0.6710526315789473,0.6710526315789473,0.6666666666666666
Recall,0.7313432835820896,0.7761194029850746,0.7910447761194029,0.78125,0.796875,0.78125,0.796875,0.796875,0.78125
F1,0.7153284671532848,0.7375886524822697,0.7464788732394366,0.7194244604316546,0.7285714285714285,0.7194244604316546,0.7285714285714285,0.7285714285714285,0.7194244604316546
PredictTime,11.460028409957886,13.171405553817749,15.245294094085693,18.269734382629395,20.618425607681274,23.12259602546692,22.931143045425415,24.451329469680786,26.486671924591064
""
model_name:,51la5_bert-large-NER__Only_USER_eval_weighted_user.
Win,0,1,2,3,4,5,6,7,8
TP,44.0,39.5,27.83333333333333,24.833333333333332,25.916666666666657,27.56666666666665,27.599999999999977,28.34999999999999,28.599999999999994
FP,18.0,17.5,11.5,11.333333333333334,14.000000000000002,14.333333333333334,14.333333333333336,14.433333333333332,14.433333333333334
FN,18.0,15.0,6.0,6.0,7.499999999999999,7.499999999999998,7.499999999999998,7.416666666666665,7.416666666666665
Precision,0.7096774193548387,0.6929824561403509,0.7076271186440678,0.6866359447004609,0.6492693110647181,0.6579156722354811,0.6581875993640698,0.662641215426568,0.6646010844306738
Recall,0.7096774193548387,0.7247706422018348,0.8226600985221675,0.8054054054054054,0.7755610972568578,0.7861216730038022,0.7863247863247863,0.7926374650512581,0.7940768162887553
F1,0.7096774193548389,0.7085201793721974,0.7608200455580866,0.7412935323383085,0.7068181818181818,0.7163274144651364,0.7165729121592385,0.7218332272437938,0.7235926628716002
PredictTime,11.460028409957886,13.171405553817749,15.245294094085693,18.269734382629395,20.618425607681274,23.12259602546692,22.931143045425415,24.451329469680786,26.486671924591064
""
model_name:,51la5_bert-large-NER__input_ALL_eval_all.
Win,0,1,2,3,4,5,6,7,8
TP,53,110,165,205,246,284,324,364,398
FP,26,45,71,93,119,136,157,172,182
FN,18,33,42,56,62,74,82,87,97
Precision,0.6708860759493671,0.7096774193548387,0.6991525423728814,0.6879194630872483,0.673972602739726,0.6761904761904762,0.6735966735966736,0.6791044776119403,0.6862068965517242
Recall,0.7464788732394366,0.7692307692307693,0.7971014492753623,0.7854406130268199,0.7987012987012987,0.7932960893854749,0.7980295566502463,0.8070953436807096,0.804040404040404
F1,0.7066666666666667,0.7382550335570469,0.744920993227991,0.7334525939177102,0.7310549777117384,0.7300771208226222,0.7305524239007892,0.7375886524822695,0.7404651162790697
PredictTime,32.6146023273468,37.4854621887207,43.36962676048279,51.504090547561646,59.018845081329346,65.10069489479065,68.31334257125854,74.67458534240723,77.12712264060974
""
model_name:,51la5_bert-large-NER__input_ALL_eval_bottom.
Win,0,1,2,3,4,5,6,7,8
TP,53,56,57,54,55,54,55,55,54
FP,26,26,25,28,28,28,28,28,28
FN,18,15,14,14,13,14,13,13,14
Precision,0.6708860759493671,0.6829268292682927,0.6951219512195121,0.6585365853658537,0.6626506024096386,0.6585365853658537,0.6626506024096386,0.6626506024096386,0.6585365853658537
Recall,0.7464788732394366,0.7887323943661971,0.8028169014084507,0.7941176470588235,0.8088235294117647,0.7941176470588235,0.8088235294117647,0.8088235294117647,0.7941176470588235
F1,0.7066666666666667,0.7320261437908497,0.7450980392156863,0.72,0.7284768211920529,0.72,0.7284768211920529,0.7284768211920529,0.72
PredictTime,32.6146023273468,37.4854621887207,43.36962676048279,51.504090547561646,59.018845081329346,65.10069489479065,68.31334257125854,74.67458534240723,77.12712264060974
""
model_name:,51la5_bert-large-NER__input_ALL_eval_weighted_user.
Win,0,1,2,3,4,5,6,7,8
TP,44.0,41.5,36.66666666666665,36.25,37.233333333333285,37.80000000000007,38.18095238095233,38.68095238095238,38.95873015873011
FP,18.0,17.0,13.999999999999998,14.583333333333334,16.533333333333335,17.366666666666667,17.995238095238097,18.15595238095238,18.22539682539682
FN,18.0,16.0,11.333333333333329,12.0,11.416666666666671,11.916666666666671,12.107142857142865,12.214285714285719,12.408730158730163
Precision,0.7096774193548387,0.7094017094017094,0.7236842105263157,0.7131147540983607,0.692498450092994,0.6851963746223568,0.6796643214376533,0.6805605010158556,0.6812857380780545
Recall,0.7096774193548387,0.7217391304347827,0.7638888888888888,0.7512953367875648,0.7653305926687218,0.7603084143479721,0.7592443539605128,0.76001122754491,0.7584320875113943
F1,0.7096774193548389,0.7155172413793105,0.7432432432432432,0.7317073170731707,0.7270951993490641,0.7208008898776421,0.7172537179917251,0.7180949223714016,0.7177919941509776
PredictTime,32.6146023273468,37.4854621887207,43.36962676048279,51.504090547561646,59.018845081329346,65.10069489479065,68.31334257125854,74.67458534240723,77.12712264060974
""
model_name:,Jean-Baptiste_roberta-large-ner-english__Only_USER_eval_all.
Win,0,1,2,3,4,5,6,7,8
TP,79,89,103,99,103,111,109,115,118
FP,1,18,42,63,77,94,106,118,122
FN,6,27,46,65,77,90,104,112,118
Precision,0.9875,0.8317757009345794,0.7103448275862069,0.6111111111111112,0.5722222222222222,0.5414634146341464,0.5069767441860465,0.49356223175965663,0.49166666666666664
Recall,0.9294117647058824,0.7672413793103449,0.6912751677852349,0.6036585365853658,0.5722222222222222,0.5522388059701493,0.5117370892018779,0.5066079295154186,0.5
F1,0.9575757575757576,0.7982062780269058,0.7006802721088434,0.6073619631901841,0.5722222222222222,0.5467980295566502,0.5093457943925233,0.5,0.49579831932773105
PredictTime,11.122000217437744,13.12786078453064,15.351961135864258,17.364869832992554,19.288373708724976,22.499397039413452,23.44868230819702,25.128968715667725,25.90579342842102
""
model_name:,Jean-Baptiste_roberta-large-ner-english__Only_USER_eval_bottom.
Win,0,1,2,3,4,5,6,7,8
TP,63,68,69,69,69,69,69,69,69
FP,17,18,19,20,19,19,19,19,19
FN,22,17,16,16,16,16,16,16,16
Precision,0.7875,0.7906976744186046,0.7840909090909091,0.7752808988764045,0.7840909090909091,0.7840909090909091,0.7840909090909091,0.7840909090909091,0.7840909090909091
Recall,0.7411764705882353,0.8,0.8117647058823529,0.8117647058823529,0.8117647058823529,0.8117647058823529,0.8117647058823529,0.8117647058823529,0.8117647058823529
F1,0.7636363636363637,0.7953216374269007,0.7976878612716763,0.793103448275862,0.7976878612716763,0.7976878612716763,0.7976878612716763,0.7976878612716763,0.7976878612716763
PredictTime,11.122000217437744,13.12786078453064,15.351961135864258,17.364869832992554,19.288373708724976,22.499397039413452,23.44868230819702,25.128968715667725,25.90579342842102
""
model_name:,Jean-Baptiste_roberta-large-ner-english__Only_USER_eval_weighted_user.
Win,0,1,2,3,4,5,6,7,8
TP,71.0,51.0,27.16666666666666,24.0,26.5,26.233333333333338,23.916666666666675,23.616666666666678,23.250000000000018
FP,1.0,15.0,14.333333333333332,15.0,17.416666666666668,19.750000000000007,22.16666666666667,24.066666666666666,25.050000000000004
FN,6.0,18.0,14.999999999999998,15.33333333333333,17.583333333333336,19.66666666666667,22.016666666666673,22.983333333333334,23.60000000000001
Precision,0.9861111111111112,0.7727272727272727,0.6546184738955823,0.6153846153846154,0.603415559772296,0.5704965567234505,0.518987341772152,0.4952813701502972,0.4813664596273293
Recall,0.922077922077922,0.7391304347826086,0.6442687747035574,0.6101694915254238,0.6011342155009451,0.5715323166303559,0.5206821480406386,0.5067954220314737,0.4962646744930631
F1,0.953020134228188,0.7555555555555555,0.649402390438247,0.6127659574468085,0.6022727272727272,0.5710139669871213,0.5198333635211013,0.5009722467739086,0.4887020493956911
PredictTime,11.122000217437744,13.12786078453064,15.351961135864258,17.364869832992554,19.288373708724976,22.499397039413452,23.44868230819702,25.128968715667725,25.90579342842102
""
model_name:,Jean-Baptiste_roberta-large-ner-english__input_ALL_eval_all.
Win,0,1,2,3,4,5,6,7,8
TP,83,144,195,224,248,272,293,316,341
FP,15,46,86,136,180,228,270,304,331
FN,7,30,62,100,140,176,211,239,263
Precision,0.8469387755102041,0.7578947368421053,0.693950177935943,0.6222222222222222,0.5794392523364486,0.544,0.5204262877442274,0.5096774193548387,0.5074404761904762
Recall,0.9222222222222223,0.8275862068965517,0.7587548638132295,0.691358024691358,0.6391752577319587,0.6071428571428571,0.5813492063492064,0.5693693693693693,0.5645695364238411
F1,0.8829787234042554,0.7912087912087912,0.724907063197026,0.6549707602339181,0.607843137254902,0.5738396624472574,0.5492033739456421,0.5378723404255318,0.5344827586206896
PredictTime,31.8174786567688,37.27582311630249,43.685152530670166,48.943904876708984,55.43445014953613,60.35869383811951,67.29849362373352,72.54136490821838,77.11726236343384
""
model_name:,Jean-Baptiste_roberta-large-ner-english__input_ALL_eval_bottom.
Win,0,1,2,3,4,5,6,7,8
TP,66,71,72,72,72,72,72,72,72
FP,32,33,38,37,34,37,37,37,37
FN,24,19,18,18,18,18,18,18,18
Precision,0.673469387755102,0.6826923076923077,0.6545454545454545,0.6605504587155964,0.6792452830188679,0.6605504587155964,0.6605504587155964,0.6605504587155964,0.6605504587155964
Recall,0.7333333333333333,0.7888888888888889,0.8,0.8,0.8,0.8,0.8,0.8,0.8
F1,0.702127659574468,0.7319587628865979,0.7200000000000001,0.7236180904522613,0.7346938775510203,0.7236180904522613,0.7236180904522613,0.7236180904522613,0.7236180904522613
PredictTime,31.8174786567688,37.27582311630249,43.685152530670166,48.943904876708984,55.43445014953613,60.35869383811951,67.29849362373352,72.54136490821838,77.11726236343384
""
model_name:,Jean-Baptiste_roberta-large-ner-english__input_ALL_eval_weighted_user.
Win,0,1,2,3,4,5,6,7,8
TP,71.0,60.0,45.66666666666667,43.08333333333333,40.849999999999945,38.89999999999998,36.67142857142852,35.73690476190474,35.639682539682475
FP,1.0,9.0,12.333333333333332,15.916666666666668,20.99999999999999,24.583333333333332,28.011904761904752,30.428571428571423,31.519841269841233
FN,6.0,11.5,12.999999999999998,16.166666666666668,20.999999999999986,24.683333333333334,27.969047619047604,29.58214285714285,30.20714285714282
Precision,0.9861111111111112,0.8695652173913043,0.7873563218390806,0.7302259887005649,0.6604688763136619,0.6127592543974796,0.5669378289836932,0.5401140718616741,0.5306720553999597
Recall,0.922077922077922,0.8391608391608392,0.7784090909090909,0.7271448663853727,0.6604688763136619,0.6117955439056355,0.5673137132122729,0.5471130713712911,0.5412513408945724
F1,0.953020134228188,0.8540925266903915,0.7828571428571429,0.7286821705426356,0.6604688763136619,0.6122770199370408,0.5671257088150818,0.5435910436680036,0.5359094923264194
PredictTime,31.8174786567688,37.27582311630249,43.685152530670166,48.943904876708984,55.43445014953613,60.35869383811951,67.29849362373352,72.54136490821838,77.11726236343384
""
model_name:,cmarkea_distilcamembert-base-ner__Only_USER_eval_all.
Win,0,1,2,3,4,5,6,7,8
TP,70,79,104,95,110,114,120,119,125
FP,3,0,2,0,0,0,0,0,0
FN,25,55,68,94,99,119,130,148,153
Precision,0.958904109589041,1.0,0.9811320754716981,1.0,1.0,1.0,1.0,1.0,1.0
Recall,0.7368421052631579,0.5895522388059702,0.6046511627906976,0.5026455026455027,0.5263157894736842,0.4892703862660944,0.48,0.44569288389513106,0.44964028776978415
F1,0.8333333333333334,0.7417840375586855,0.7482014388489208,0.6690140845070423,0.6896551724137931,0.6570605187319885,0.6486486486486487,0.616580310880829,0.620347394540943
PredictTime,1.6833903789520264,2.0272865295410156,2.4594812393188477,2.8614537715911865,3.536402702331543,3.4555652141571045,3.681551218032837,3.9554758071899414,4.121379375457764
""
model_name:,cmarkea_distilcamembert-base-ner__Only_USER_eval_bottom.
Win,0,1,2,3,4,5,6,7,8
TP,57,44,50,40,44,43,43,43,43
FP,16,8,8,8,8,8,8,6,7
FN,38,51,45,55,51,52,52,52,52
Precision,0.7808219178082192,0.8461538461538461,0.8620689655172413,0.8333333333333334,0.8461538461538461,0.8431372549019608,0.8431372549019608,0.8775510204081632,0.86
Recall,0.6,0.4631578947368421,0.5263157894736842,0.42105263157894735,0.4631578947368421,0.45263157894736844,0.45263157894736844,0.45263157894736844,0.45263157894736844
F1,0.6785714285714285,0.5986394557823129,0.65359477124183,0.5594405594405594,0.5986394557823129,0.589041095890411,0.589041095890411,0.5972222222222222,0.5931034482758621
PredictTime,1.6833903789520264,2.0272865295410156,2.4594812393188477,2.8614537715911865,3.536402702331543,3.4555652141571045,3.681551218032837,3.9554758071899414,4.121379375457764
""
model_name:,cmarkea_distilcamembert-base-ner__Only_USER_eval_weighted_user.
Win,0,1,2,3,4,5,6,7,8
TP,62.0,47.0,28.666666666666664,24.5,26.833333333333332,26.666666666666664,25.999999999999996,24.933333333333334,25.16666666666667
FP,2.0,0.0,0.0,0.0,0.0,0.0,0.0,0.0,0.0
FN,25.0,30.5,18.5,20.333333333333332,23.916666666666657,26.39999999999999,27.34999999999999,29.16666666666666,29.18333333333333
Precision,0.96875,1.0,1.0,1.0,1.0,1.0,1.0,1.0,1.0
Recall,0.7126436781609196,0.6064516129032258,0.607773851590106,0.5464684014869889,0.5287356321839082,0.5025125628140704,0.4873477038425493,0.4608749229821319,0.46304814474087713
F1,0.8211920529801324,0.7550200803212851,0.7560439560439561,0.7067307692307693,0.6917293233082709,0.6688963210702342,0.655324511657215,0.6309574019401097,0.6329909872144205
PredictTime,1.6833903789520264,2.0272865295410156,2.4594812393188477,2.8614537715911865,3.536402702331543,3.4555652141571045,3.681551218032837,3.9554758071899414,4.121379375457764
""
model_name:,cmarkea_distilcamembert-base-ner__input_ALL_eval_all.
Win,0,1,2,3,4,5,6,7,8
TP,74,110,158,189,226,233,253,252,264
FP,12,2,2,3,0,4,0,0,0
FN,30,92,141,191,231,297,346,409,457
Precision,0.8604651162790697,0.9821428571428571,0.9875,0.984375,1.0,0.9831223628691983,1.0,1.0,1.0
Recall,0.7115384615384616,0.5445544554455446,0.5284280936454849,0.49736842105263157,0.49452954048140046,0.439622641509434,0.42237061769616024,0.3812405446293495,0.36615811373092927
F1,0.7789473684210527,0.7006369426751592,0.6884531590413945,0.6608391608391608,0.6617862371888726,0.6075619295958279,0.5938967136150234,0.552026286966046,0.5360406091370559
PredictTime,4.860918998718262,5.840339660644531,7.007470607757568,8.133880138397217,9.778037786483765,10.01285433769226,10.773229360580444,12.160184144973755,12.508403778076172
""
model_name:,cmarkea_distilcamembert-base-ner__input_ALL_eval_bottom.
Win,0,1,2,3,4,5,6,7,8
TP,60,47,53,43,47,46,45,46,46
FP,26,9,9,11,9,11,9,7,8
FN,44,57,51,61,57,58,59,58,58
Precision,0.6976744186046512,0.8392857142857143,0.8548387096774194,0.7962962962962963,0.8392857142857143,0.8070175438596491,0.8333333333333334,0.8679245283018868,0.8518518518518519
Recall,0.5769230769230769,0.4519230769230769,0.5096153846153846,0.41346153846153844,0.4519230769230769,0.4423076923076923,0.4326923076923077,0.4423076923076923,0.4423076923076923
F1,0.631578947368421,0.5874999999999999,0.6385542168674697,0.5443037974683544,0.5874999999999999,0.5714285714285714,0.5696202531645571,0.5859872611464968,0.5822784810126582
PredictTime,4.860918998718262,5.840339660644531,7.007470607757568,8.133880138397217,9.778037786483765,10.01285433769226,10.773229360580444,12.160184144973755,12.508403778076172
""
model_name:,cmarkea_distilcamembert-base-ner__input_ALL_eval_weighted_user.
Win,0,1,2,3,4,5,6,7,8
TP,62.0,46.0,34.00000000000001,33.5,33.933333333333294,30.499999999999993,30.57142857142854,27.499999999999996,26.208333333333307
FP,2.0,0.0,0.0,0.0,0.0,0.0,0.0,0.0,0.0
FN,25.0,34.0,32.33333333333333,34.083333333333336,36.59999999999999,41.99999999999998,43.152380952380916,46.991666666666646,48.88055555555548
Precision,0.96875,1.0,1.0,1.0,1.0,1.0,1.0,1.0,1.0
Recall,0.7126436781609196,0.575,0.5125628140703518,0.4956843403205918,0.4810964083175802,0.42068965517241386,0.41467510657537787,0.36916881082895187,0.34903077833678614
F1,0.8211920529801324,0.7301587301587301,0.6777408637873754,0.6628194558944764,0.6496490108487555,0.5922330097087379,0.5862478312482879,0.5392597434430918,0.5174541366166673
PredictTime,4.860918998718262,5.840339660644531,7.007470607757568,8.133880138397217,9.778037786483765,10.01285433769226,10.773229360580444,12.160184144973755,12.508403778076172
""
model_name:,dbmdz_bert-large-cased-finetuned-conll03-english__Only_USER_eval_all.
Win,0,1,2,3,4,5,6,7,8
TP,13,21,30,29,29,31,35,34,33
FP,54,83,109,122,135,153,167,181,190
FN,21,19,18,22,27,31,28,31,33
Precision,0.19402985074626866,0.20192307692307693,0.2158273381294964,0.19205298013245034,0.17682926829268292,0.16847826086956522,0.17326732673267325,0.15813953488372093,0.14798206278026907
Recall,0.38235294117647056,0.525,0.625,0.5686274509803921,0.5178571428571429,0.5,0.5555555555555556,0.5230769230769231,0.5
F1,0.25742574257425743,0.2916666666666667,0.32085561497326204,0.28712871287128716,0.2636363636363636,0.25203252032520324,0.2641509433962264,0.24285714285714285,0.22837370242214536
PredictTime,11.468776226043701,13.125332117080688,15.431341648101807,16.837345361709595,21.158872365951538,20.896594524383545,24.40900468826294,25.26244568824768,27.489725828170776
""
model_name:,dbmdz_bert-large-cased-finetuned-conll03-english__Only_USER_eval_bottom.
Win,0,1,2,3,4,5,6,7,8
TP,13,14,17,15,14,13,14,14,14
FP,54,57,57,57,57,57,59,58,57
FN,21,17,14,16,17,18,15,16,17
Precision,0.19402985074626866,0.19718309859154928,0.22972972972972974,0.20833333333333334,0.19718309859154928,0.18571428571428572,0.1917808219178082,0.19444444444444445,0.19718309859154928
Recall,0.38235294117647056,0.45161290322580644,0.5483870967741935,0.4838709677419355,0.45161290322580644,0.41935483870967744,0.4827586206896552,0.4666666666666667,0.45161290322580644
F1,0.25742574257425743,0.2745098039215686,0.3238095238095238,0.2912621359223301,0.2745098039215686,0.25742574257425743,0.27450980392156865,0.27450980392156865,0.2745098039215686
PredictTime,11.468776226043701,13.125332117080688,15.431341648101807,16.837345361709595,21.158872365951538,20.896594524383545,24.40900468826294,25.26244568824768,27.489725828170776
""
model_name:,dbmdz_bert-large-cased-finetuned-conll03-english__Only_USER_eval_weighted_user.
Win,0,1,2,3,4,5,6,7,8
TP,12.0,11.5,6.5,6.5,7.0,7.5,7.5,7.0,6.5
FP,49.0,45.5,31.166666666666664,28.833333333333332,32.08333333333332,33.39999999999998,33.43333333333332,33.93333333333332,34.18333333333332
FN,19.0,14.5,7.0,6.5,7.999999999999999,7.999999999999999,7.999999999999999,8.666666666666666,9.166666666666666
Precision,0.19672131147540983,0.20175438596491227,0.17256637168141595,0.1839622641509434,0.17910447761194034,0.18337408312958445,0.1832247557003258,0.17100977198697073,0.1597705858254814
Recall,0.3870967741935484,0.4423076923076923,0.48148148148148145,0.5,0.4666666666666667,0.4838709677419355,0.4838709677419355,0.4468085106382979,0.4148936170212766
F1,0.2608695652173913,0.27710843373493976,0.254071661237785,0.26896551724137935,0.25885978428351314,0.26595744680851074,0.26580035440047256,0.24734982332155486,0.23070097604259096
PredictTime,11.468776226043701,13.125332117080688,15.431341648101807,16.837345361709595,21.158872365951538,20.896594524383545,24.40900468826294,25.26244568824768,27.489725828170776
""
model_name:,dbmdz_bert-large-cased-finetuned-conll03-english__input_ALL_eval_all.
Win,0,1,2,3,4,5,6,7,8
TP,14,29,49,63,73,85,98,107,116
FP,63,114,172,221,266,306,347,382,422
FN,22,41,50,59,73,86,94,106,112
Precision,0.18181818181818182,0.20279720279720279,0.22171945701357465,0.22183098591549297,0.2153392330383481,0.21739130434782608,0.2202247191011236,0.21881390593047034,0.21561338289962825
Recall,0.3888888888888889,0.4142857142857143,0.494949494949495,0.5163934426229508,0.5,0.49707602339181284,0.5104166666666666,0.5023474178403756,0.5087719298245614
F1,0.24778761061946902,0.2723004694835681,0.30625,0.3103448275862069,0.30103092783505153,0.30249110320284694,0.30769230769230765,0.30484330484330485,0.30287206266318534
PredictTime,32.66167116165161,37.50915002822876,43.860472679138184,50.60410785675049,58.415387868881226,63.76654267311096,69.59388756752014,73.91547966003418,80.32899308204651
""
model_name:,dbmdz_bert-large-cased-finetuned-conll03-english__input_ALL_eval_bottom.
Win,0,1,2,3,4,5,6,7,8
TP,14,15,18,16,15,14,15,15,15
FP,63,62,62,62,62,62,64,63,62
FN,22,18,15,17,18,19,16,17,18
Precision,0.18181818181818182,0.19480519480519481,0.225,0.20512820512820512,0.19480519480519481,0.18421052631578946,0.189873417721519,0.19230769230769232,0.19480519480519481
Recall,0.3888888888888889,0.45454545454545453,0.5454545454545454,0.48484848484848486,0.45454545454545453,0.42424242424242425,0.4838709677419355,0.46875,0.45454545454545453
F1,0.24778761061946902,0.2727272727272727,0.31858407079646023,0.2882882882882883,0.2727272727272727,0.25688073394495414,0.27272727272727276,0.2727272727272727,0.2727272727272727
PredictTime,32.66167116165161,37.50915002822876,43.860472679138184,50.60410785675049,58.415387868881226,63.76654267311096,69.59388756752014,73.91547966003418,80.32899308204651
""
model_name:,dbmdz_bert-large-cased-finetuned-conll03-english__input_ALL_eval_weighted_user.
Win,0,1,2,3,4,5,6,7,8
TP,12.0,11.0,10.333333333333332,11.833333333333332,12.28333333333333,12.749999999999998,12.940476190476192,12.815476190476186,12.718253968253965
FP,49.0,45.5,37.33333333333331,38.83333333333334,40.76666666666666,42.16666666666669,42.688095238095215,42.81309523809525,43.66031746031741
FN,19.0,17.5,13.666666666666668,11.666666666666666,11.933333333333332,11.833333333333336,12.226190476190482,12.922619047619053,12.714285714285715
Precision,0.19672131147540983,0.19469026548672566,0.21678321678321685,0.23355263157894732,0.23154256990260758,0.23216995447647937,0.23262283855504207,0.2303757918164697,0.22558666610357997
Recall,0.3870967741935484,0.38596491228070173,0.4305555555555555,0.5035460992907801,0.5072264280798348,0.5186440677966101,0.5141911069063386,0.49791859389454185,0.5000780152909969
F1,0.2608695652173913,0.2588235294117647,0.2883720930232559,0.3191011235955055,0.31794650560828297,0.3207547169811319,0.32032769493723123,0.3150055597822905,0.3109175219727985
PredictTime,32.66167116165161,37.50915002822876,43.860472679138184,50.60410785675049,58.415387868881226,63.76654267311096,69.59388756752014,73.91547966003418,80.32899308204651
""
model_name:,dslim_bert-base-NER__Only_USER_eval_all.
Win,0,1,2,3,4,5,6,7,8
TP,48,70,83,91,96,116,128,140,147
FP,6,6,10,9,9,11,11,10,11
FN,34,47,67,76,87,90,93,97,100
Precision,0.8888888888888888,0.9210526315789473,0.8924731182795699,0.91,0.9142857142857143,0.9133858267716536,0.920863309352518,0.9333333333333333,0.930379746835443
Recall,0.5853658536585366,0.5982905982905983,0.5533333333333333,0.5449101796407185,0.5245901639344263,0.5631067961165048,0.579185520361991,0.5907172995780591,0.5951417004048583
F1,0.7058823529411764,0.7253886010362693,0.6831275720164609,0.6816479400749064,0.6666666666666666,0.6966966966966968,0.7111111111111111,0.7235142118863048,0.725925925925926
PredictTime,3.1677141189575195,3.6762146949768066,4.439311265945435,5.271520376205444,5.6124420166015625,6.465019226074219,6.301845073699951,6.958245754241943,6.973665237426758
""
model_name:,dslim_bert-base-NER__Only_USER_eval_bottom.
Win,0,1,2,3,4,5,6,7,8
TP,48,45,44,43,41,42,42,41,41
FP,6,3,3,3,3,4,3,3,4
FN,34,40,42,43,44,43,43,44,44
Precision,0.8888888888888888,0.9375,0.9361702127659575,0.9347826086956522,0.9318181818181818,0.9130434782608695,0.9333333333333333,0.9318181818181818,0.9111111111111111
Recall,0.5853658536585366,0.5294117647058824,0.5116279069767442,0.5,0.4823529411764706,0.49411764705882355,0.49411764705882355,0.4823529411764706,0.4823529411764706
F1,0.7058823529411764,0.6766917293233083,0.6616541353383458,0.6515151515151515,0.6356589147286822,0.6412213740458015,0.6461538461538462,0.6356589147286822,0.6307692307692309
PredictTime,3.1677141189575195,3.6762146949768066,4.439311265945435,5.271520376205444,5.6124420166015625,6.465019226074219,6.301845073699951,6.958245754241943,6.973665237426758
""
model_name:,dslim_bert-base-NER__Only_USER_eval_weighted_user.
Win,0,1,2,3,4,5,6,7,8
TP,45.0,37.5,27.166666666666664,24.833333333333332,25.49999999999999,27.416666666666654,27.233333333333317,28.08333333333332,27.883333333333326
FP,4.0,3.5,3.0,2.5,2.1666666666666665,2.5,2.6999999999999997,2.4166666666666665,2.4166666666666665
FN,31.0,30.5,15.333333333333334,15.333333333333336,19.916666666666668,19.316666666666666,19.53333333333333,19.349999999999998,19.799999999999997
Precision,0.9183673469387755,0.9146341463414634,0.9005524861878453,0.9085365853658537,0.9216867469879517,0.9164345403899721,0.9097995545657015,0.9207650273224043,0.9202420242024202
Recall,0.5921052631578947,0.5514705882352942,0.6392156862745098,0.6182572614107883,0.5614678899082568,0.5866619115549214,0.5823235923022094,0.5920590302178494,0.5847605732261447
F1,0.72,0.6880733944954127,0.7477064220183487,0.7358024691358024,0.6978335233751425,0.7153729071537289,0.7101260321599302,0.7207014542343883,0.715110066253473
PredictTime,3.1677141189575195,3.6762146949768066,4.439311265945435,5.271520376205444,5.6124420166015625,6.465019226074219,6.301845073699951,6.958245754241943,6.973665237426758
""
model_name:,dslim_bert-base-NER__input_ALL_eval_all.
Win,0,1,2,3,4,5,6,7,8
TP,51,92,132,168,200,233,264,292,324
FP,13,15,23,25,30,36,42,41,45
FN,35,79,123,157,189,217,244,271,291
Precision,0.796875,0.8598130841121495,0.8516129032258064,0.8704663212435233,0.8695652173913043,0.8661710037174721,0.8627450980392157,0.8768768768768769,0.8780487804878049
Recall,0.5930232558139535,0.5380116959064327,0.5176470588235295,0.5169230769230769,0.5141388174807198,0.5177777777777778,0.5196850393700787,0.5186500888099467,0.526829268292683
F1,0.6799999999999999,0.6618705035971223,0.6439024390243904,0.6486486486486486,0.6462035541195476,0.6481223922114047,0.6486486486486487,0.6517857142857142,0.6585365853658538
PredictTime,9.09908676147461,10.480936765670776,12.500958681106567,14.695254564285278,15.659473419189453,18.169248580932617,18.253618478775024,19.879892826080322,21.869450330734253
""
model_name:,dslim_bert-base-NER__input_ALL_eval_bottom.
Win,0,1,2,3,4,5,6,7,8
TP,51,48,47,46,44,45,45,44,44
FP,13,7,7,7,7,8,7,7,8
FN,35,41,43,44,45,44,44,45,45
Precision,0.796875,0.8727272727272727,0.8703703703703703,0.8679245283018868,0.8627450980392157,0.8490566037735849,0.8653846153846154,0.8627450980392157,0.8461538461538461
Recall,0.5930232558139535,0.5393258426966292,0.5222222222222223,0.5111111111111111,0.4943820224719101,0.5056179775280899,0.5056179775280899,0.4943820224719101,0.4943820224719101
F1,0.6799999999999999,0.6666666666666667,0.6527777777777778,0.6433566433566433,0.6285714285714286,0.6338028169014085,0.6382978723404256,0.6285714285714286,0.624113475177305
PredictTime,9.09908676147461,10.480936765670776,12.500958681106567,14.695254564285278,15.659473419189453,18.169248580932617,18.253618478775024,19.879892826080322,21.869450330734253
""
model_name:,dslim_bert-base-NER__input_ALL_eval_weighted_user.
Win,0,1,2,3,4,5,6,7,8
TP,45.0,37.5,32.99999999999999,32.416666666666664,33.31666666666663,33.95000000000002,33.773809523809476,33.6845238095238,33.855158730158685
FP,4.0,3.5,3.5000000000000004,2.0,1.9999999999999998,2.5,2.9619047619047616,2.1333333333333333,2.1333333333333333
FN,31.0,33.0,26.0,28.416666666666664,30.066666666666645,30.633333333333326,31.690476190476176,32.85833333333333,33.21547619047617
Precision,0.9183673469387755,0.9146341463414634,0.9041095890410958,0.9418886198547215,0.9433695139216611,0.9314128943758574,0.919372610020092,0.9404393924286236,0.9407217915779955
Recall,0.5921052631578947,0.5319148936170213,0.559322033898305,0.5328767123287671,0.5256376544833026,0.5256774193548389,0.5159119839970902,0.506207957635609,0.5047687228579203
F1,0.72,0.672645739910314,0.6910994764397905,0.6806649168853893,0.6751097602161431,0.6720554272517323,0.6609356071195599,0.6581533558959328,0.6570045705000596
PredictTime,9.09908676147461,10.480936765670776,12.500958681106567,14.695254564285278,15.659473419189453,18.169248580932617,18.253618478775024,19.879892826080322,21.869450330734253
""
model_name:,dslim_bert-large-NER__Only_USER_eval_all.
Win,0,1,2,3,4,5,6,7,8
TP,49,76,99,106,115,130,141,154,161
FP,21,32,44,51,59,70,73,81,84
FN,18,16,17,20,22,24,24,23,24
Precision,0.7,0.7037037037037037,0.6923076923076923,0.6751592356687898,0.6609195402298851,0.65,0.6588785046728972,0.6553191489361702,0.6571428571428571
Recall,0.7313432835820896,0.8260869565217391,0.853448275862069,0.8412698412698413,0.8394160583941606,0.8441558441558441,0.8545454545454545,0.8700564971751412,0.8702702702702703
F1,0.7153284671532848,0.76,0.7644787644787645,0.7491166077738515,0.7395498392282959,0.7344632768361582,0.7440633245382585,0.7475728155339805,0.7488372093023257
PredictTime,11.523929119110107,13.241394758224487,15.261757373809814,18.497797966003418,20.403484344482422,22.216701984405518,23.88375186920166,25.520154237747192,25.686132192611694
""
model_name:,dslim_bert-large-NER__Only_USER_eval_bottom.
Win,0,1,2,3,4,5,6,7,8
TP,49,52,53,50,51,50,51,51,50
FP,21,22,22,25,25,25,25,25,25
FN,18,15,14,14,13,14,13,13,14
Precision,0.7,0.7027027027027027,0.7066666666666667,0.6666666666666666,0.6710526315789473,0.6666666666666666,0.6710526315789473,0.6710526315789473,0.6666666666666666
Recall,0.7313432835820896,0.7761194029850746,0.7910447761194029,0.78125,0.796875,0.78125,0.796875,0.796875,0.78125
F1,0.7153284671532848,0.7375886524822697,0.7464788732394366,0.7194244604316546,0.7285714285714285,0.7194244604316546,0.7285714285714285,0.7285714285714285,0.7194244604316546
PredictTime,11.523929119110107,13.241394758224487,15.261757373809814,18.497797966003418,20.403484344482422,22.216701984405518,23.88375186920166,25.520154237747192,25.686132192611694
""
model_name:,dslim_bert-large-NER__Only_USER_eval_weighted_user.
Win,0,1,2,3,4,5,6,7,8
TP,44.0,39.5,27.83333333333333,24.833333333333332,25.916666666666657,27.56666666666665,27.599999999999977,28.34999999999999,28.599999999999994
FP,18.0,17.5,11.5,11.333333333333334,14.000000000000002,14.333333333333334,14.333333333333336,14.433333333333332,14.433333333333334
FN,18.0,15.0,6.0,6.0,7.499999999999999,7.499999999999998,7.499999999999998,7.416666666666665,7.416666666666665
Precision,0.7096774193548387,0.6929824561403509,0.7076271186440678,0.6866359447004609,0.6492693110647181,0.6579156722354811,0.6581875993640698,0.662641215426568,0.6646010844306738
Recall,0.7096774193548387,0.7247706422018348,0.8226600985221675,0.8054054054054054,0.7755610972568578,0.7861216730038022,0.7863247863247863,0.7926374650512581,0.7940768162887553
F1,0.7096774193548389,0.7085201793721974,0.7608200455580866,0.7412935323383085,0.7068181818181818,0.7163274144651364,0.7165729121592385,0.7218332272437938,0.7235926628716002
PredictTime,11.523929119110107,13.241394758224487,15.261757373809814,18.497797966003418,20.403484344482422,22.216701984405518,23.88375186920166,25.520154237747192,25.686132192611694
""
model_name:,dslim_bert-large-NER__input_ALL_eval_all.
Win,0,1,2,3,4,5,6,7,8
TP,53,110,165,205,246,284,324,364,398
FP,26,45,71,93,119,136,157,172,182
FN,18,33,42,56,62,74,82,87,97
Precision,0.6708860759493671,0.7096774193548387,0.6991525423728814,0.6879194630872483,0.673972602739726,0.6761904761904762,0.6735966735966736,0.6791044776119403,0.6862068965517242
Recall,0.7464788732394366,0.7692307692307693,0.7971014492753623,0.7854406130268199,0.7987012987012987,0.7932960893854749,0.7980295566502463,0.8070953436807096,0.804040404040404
F1,0.7066666666666667,0.7382550335570469,0.744920993227991,0.7334525939177102,0.7310549777117384,0.7300771208226222,0.7305524239007892,0.7375886524822695,0.7404651162790697
PredictTime,32.830374240875244,37.27464842796326,43.135485887527466,49.65429377555847,58.10244870185852,60.423102617263794,67.80176162719727,73.11734628677368,77.73864817619324
""
model_name:,dslim_bert-large-NER__input_ALL_eval_bottom.
Win,0,1,2,3,4,5,6,7,8
TP,53,56,57,54,55,54,55,55,54
FP,26,26,25,28,28,28,28,28,28
FN,18,15,14,14,13,14,13,13,14
Precision,0.6708860759493671,0.6829268292682927,0.6951219512195121,0.6585365853658537,0.6626506024096386,0.6585365853658537,0.6626506024096386,0.6626506024096386,0.6585365853658537
Recall,0.7464788732394366,0.7887323943661971,0.8028169014084507,0.7941176470588235,0.8088235294117647,0.7941176470588235,0.8088235294117647,0.8088235294117647,0.7941176470588235
F1,0.7066666666666667,0.7320261437908497,0.7450980392156863,0.72,0.7284768211920529,0.72,0.7284768211920529,0.7284768211920529,0.72
PredictTime,32.830374240875244,37.27464842796326,43.135485887527466,49.65429377555847,58.10244870185852,60.423102617263794,67.80176162719727,73.11734628677368,77.73864817619324
""
model_name:,dslim_bert-large-NER__input_ALL_eval_weighted_user.
Win,0,1,2,3,4,5,6,7,8
TP,44.0,41.5,36.66666666666665,36.25,37.233333333333285,37.80000000000007,38.18095238095233,38.68095238095238,38.95873015873011
FP,18.0,17.0,13.999999999999998,14.583333333333334,16.533333333333335,17.366666666666667,17.995238095238097,18.15595238095238,18.22539682539682
FN,18.0,16.0,11.333333333333329,12.0,11.416666666666671,11.916666666666671,12.107142857142865,12.214285714285719,12.408730158730163
Precision,0.7096774193548387,0.7094017094017094,0.7236842105263157,0.7131147540983607,0.692498450092994,0.6851963746223568,0.6796643214376533,0.6805605010158556,0.6812857380780545
Recall,0.7096774193548387,0.7217391304347827,0.7638888888888888,0.7512953367875648,0.7653305926687218,0.7603084143479721,0.7592443539605128,0.76001122754491,0.7584320875113943
F1,0.7096774193548389,0.7155172413793105,0.7432432432432432,0.7317073170731707,0.7270951993490641,0.7208008898776421,0.7172537179917251,0.7180949223714016,0.7177919941509776
PredictTime,32.830374240875244,37.27464842796326,43.135485887527466,49.65429377555847,58.10244870185852,60.423102617263794,67.80176162719727,73.11734628677368,77.73864817619324
""
model_name:,gunghio_distilbert-base-multilingual-cased-finetuned-conll2003-ner__Only_USER_eval_all.
Win,0,1,2,3,4,5,6,7,8
TP,49,73,93,105,119,136,149,163,169
FP,19,29,33,37,36,40,39,45,46
FN,16,16,26,24,29,32,34,35,36
Precision,0.7205882352941176,0.7156862745098039,0.7380952380952381,0.7394366197183099,0.7677419354838709,0.7727272727272727,0.7925531914893617,0.7836538461538461,0.786046511627907
Recall,0.7538461538461538,0.8202247191011236,0.7815126050420168,0.813953488372093,0.8040540540540541,0.8095238095238095,0.8142076502732241,0.8232323232323232,0.824390243902439
F1,0.7368421052631577,0.7643979057591622,0.7591836734693878,0.7749077490774907,0.7854785478547854,0.7906976744186046,0.8032345013477088,0.8029556650246304,0.8047619047619048
PredictTime,1.6341958045959473,1.98557710647583,2.2535111904144287,2.607729196548462,2.9345157146453857,3.1565544605255127,3.3596713542938232,3.5878777503967285,3.7380921840667725
""
model_name:,gunghio_distilbert-base-multilingual-cased-finetuned-conll2003-ner__Only_USER_eval_bottom.
Win,0,1,2,3,4,5,6,7,8
TP,49,49,50,52,53,52,55,55,55
FP,19,19,17,16,15,16,14,13,14
FN,16,16,16,15,15,15,15,15,15
Precision,0.7205882352941176,0.7205882352941176,0.746268656716418,0.7647058823529411,0.7794117647058824,0.7647058823529411,0.7971014492753623,0.8088235294117647,0.7971014492753623
Recall,0.7538461538461538,0.7538461538461538,0.7575757575757576,0.7761194029850746,0.7794117647058824,0.7761194029850746,0.7857142857142857,0.7857142857142857,0.7857142857142857
F1,0.7368421052631577,0.7368421052631577,0.7518796992481201,0.7703703703703704,0.7794117647058824,0.7703703703703704,0.7913669064748201,0.7971014492753622,0.7913669064748201
PredictTime,1.6341958045959473,1.98557710647583,2.2535111904144287,2.607729196548462,2.9345157146453857,3.1565544605255127,3.3596713542938232,3.5878777503967285,3.7380921840667725
""
model_name:,gunghio_distilbert-base-multilingual-cased-finetuned-conll2003-ner__Only_USER_eval_weighted_user.
Win,0,1,2,3,4,5,6,7,8
TP,46.0,41.5,28.83333333333333,27.16666666666666,30.333333333333318,32.14999999999999,31.533333333333317,32.999999999999986,32.61666666666667
FP,14.0,13.5,6.999999999999999,7.5,7.666666666666667,7.916666666666665,7.916666666666665,7.3999999999999995,7.933333333333331
FN,16.0,14.0,6.5,4.833333333333334,6.75,7.000000000000001,7.650000000000001,7.800000000000002,7.9
Precision,0.7666666666666667,0.7545454545454545,0.8046511627906976,0.7836538461538461,0.7982456140350876,0.8024126455906821,0.799324038867765,0.8168316831683168,0.8043567612001645
Recall,0.7419354838709677,0.7477477477477478,0.8160377358490566,0.8489583333333334,0.8179775280898877,0.8212005108556832,0.80476393024245,0.8088235294117646,0.8050185109008638
F1,0.7540983606557377,0.751131221719457,0.810304449648712,0.8150000000000001,0.8079911209766926,0.8116978750262992,0.8020347604917337,0.8128078817733989,0.8046875000000001
PredictTime,1.6341958045959473,1.98557710647583,2.2535111904144287,2.607729196548462,2.9345157146453857,3.1565544605255127,3.3596713542938232,3.5878777503967285,3.7380921840667725
""
model_name:,gunghio_distilbert-base-multilingual-cased-finetuned-conll2003-ner__input_ALL_eval_all.
Win,0,1,2,3,4,5,6,7,8
TP,52,101,149,195,237,279,320,360,394
FP,24,45,64,77,92,107,113,121,131
FN,19,38,62,76,92,108,127,140,153
Precision,0.6842105263157895,0.6917808219178082,0.6995305164319249,0.7169117647058824,0.7203647416413373,0.7227979274611399,0.7390300230946882,0.7484407484407485,0.7504761904761905
Recall,0.7323943661971831,0.7266187050359713,0.7061611374407583,0.7195571955719557,0.7203647416413373,0.7209302325581395,0.7158836689038032,0.72,0.720292504570384
F1,0.7074829931972789,0.7087719298245614,0.7028301886792453,0.718232044198895,0.7203647416413375,0.721862871927555,0.7272727272727273,0.7339449541284404,0.7350746268656716
PredictTime,4.702773094177246,5.540034055709839,6.426866769790649,7.4177374839782715,8.306159734725952,9.104339599609375,9.745849370956421,10.461006879806519,10.977415561676025
""
model_name:,gunghio_distilbert-base-multilingual-cased-finetuned-conll2003-ner__input_ALL_eval_bottom.
Win,0,1,2,3,4,5,6,7,8
TP,52,52,53,55,56,55,58,58,58
FP,24,24,22,21,20,21,18,17,21
FN,19,19,19,18,18,18,18,18,18
Precision,0.6842105263157895,0.6842105263157895,0.7066666666666667,0.7236842105263158,0.7368421052631579,0.7236842105263158,0.7631578947368421,0.7733333333333333,0.7341772151898734
Recall,0.7323943661971831,0.7323943661971831,0.7361111111111112,0.7534246575342466,0.7567567567567568,0.7534246575342466,0.7631578947368421,0.7631578947368421,0.7631578947368421
F1,0.7074829931972789,0.7074829931972789,0.7210884353741497,0.738255033557047,0.7466666666666667,0.738255033557047,0.7631578947368421,0.7682119205298014,0.7483870967741936
PredictTime,4.702773094177246,5.540034055709839,6.426866769790649,7.4177374839782715,8.306159734725952,9.104339599609375,9.745849370956421,10.461006879806519,10.977415561676025
""
model_name:,gunghio_distilbert-base-multilingual-cased-finetuned-conll2003-ner__input_ALL_eval_weighted_user.
Win,0,1,2,3,4,5,6,7,8
TP,46.0,42.0,36.33333333333332,37.25000000000001,38.7833333333333,40.450000000000024,40.578571428571415,42.09642857142858,42.20753968253967
FP,14.0,14.0,10.666666666666666,10.333333333333334,10.533333333333333,10.666666666666668,10.761904761904766,9.791666666666666,10.152777777777773
FN,16.0,14.5,12.666666666666666,12.833333333333332,13.2,13.666666666666663,14.761904761904765,14.821428571428571,14.9047619047619
Precision,0.7666666666666667,0.75,0.7730496453900709,0.7828371278458844,0.7864143291652584,0.7913270296706881,0.7903816723090478,0.8112926168953334,0.8060978567314397
Recall,0.7419354838709677,0.7433628318584071,0.7414965986394557,0.7437603993344426,0.7460724591215131,0.7474591931013245,0.7332530224153507,0.7395996737152539,0.7390271186676209
F1,0.7540983606557377,0.7466666666666666,0.7569444444444445,0.7627986348122867,0.765712405396512,0.7687678175483055,0.760746328616703,0.7737890740396294,0.7711067854178222
PredictTime,4.702773094177246,5.540034055709839,6.426866769790649,7.4177374839782715,8.306159734725952,9.104339599609375,9.745849370956421,10.461006879806519,10.977415561676025
""
model_name:,xlm-roberta-large-finetuned-conll03-english__Only_USER_eval_all.
Win,0,1,2,3,4,5,6,7,8
TP,85,116,147,166,180,201,215,230,239
FP,3,0,2,1,2,3,4,2,2
FN,0,3,5,2,4,5,4,4,5
Precision,0.9659090909090909,1.0,0.9865771812080537,0.9940119760479041,0.989010989010989,0.9852941176470589,0.9817351598173516,0.9913793103448276,0.991701244813278
Recall,1.0,0.9747899159663865,0.9671052631578947,0.9880952380952381,0.9782608695652174,0.9757281553398058,0.9817351598173516,0.9829059829059829,0.9795081967213115
F1,0.9826589595375723,0.9872340425531915,0.9767441860465117,0.991044776119403,0.9836065573770493,0.9804878048780488,0.9817351598173516,0.9871244635193134,0.9855670103092784
PredictTime,11.113304138183594,12.58624792098999,15.04152250289917,17.838083267211914,20.73807406425476,21.911315441131592,23.266411066055298,25.30324673652649,26.499056816101074
""
model_name:,xlm-roberta-large-finetuned-conll03-english__Only_USER_eval_bottom.
Win,0,1,2,3,4,5,6,7,8
TP,85,82,82,85,83,82,83,83,83
FP,3,0,0,0,0,0,0,0,0
FN,0,3,3,0,2,3,2,2,2
Precision,0.9659090909090909,1.0,1.0,1.0,1.0,1.0,1.0,1.0,1.0
Recall,1.0,0.9647058823529412,0.9647058823529412,1.0,0.9764705882352941,0.9647058823529412,0.9764705882352941,0.9764705882352941,0.9764705882352941
F1,0.9826589595375723,0.9820359281437125,0.9820359281437125,1.0,0.988095238095238,0.9820359281437125,0.988095238095238,0.988095238095238,0.988095238095238
PredictTime,11.113304138183594,12.58624792098999,15.04152250289917,17.838083267211914,20.73807406425476,21.911315441131592,23.266411066055298,25.30324673652649,26.499056816101074
""
model_name:,xlm-roberta-large-finetuned-conll03-english__Only_USER_eval_weighted_user.
Win,0,1,2,3,4,5,6,7,8
TP,77.0,66.5,44.00000000000001,40.66666666666667,45.41666666666667,47.4,47.43333333333332,48.09999999999997,47.849999999999966
FP,2.0,0.0,0.0,0.0,0.0,0.0,0.0,0.0,0.0
FN,0.0,3.0,0.0,0.0,0.0,0.0,0.0,0.0,0.5
Precision,0.9746835443037974,1.0,1.0,1.0,1.0,1.0,1.0,1.0,1.0
Recall,1.0,0.9568345323741008,1.0,1.0,1.0,1.0,1.0,1.0,0.9896587383660806
F1,0.9871794871794872,0.9779411764705883,1.0,1.0,1.0,1.0,1.0,1.0,0.9948024948024948
PredictTime,11.113304138183594,12.58624792098999,15.04152250289917,17.838083267211914,20.73807406425476,21.911315441131592,23.266411066055298,25.30324673652649,26.499056816101074
""
model_name:,xlm-roberta-large-finetuned-conll03-english__input_ALL_eval_all.
Win,0,1,2,3,4,5,6,7,8
TP,90,172,250,322,386,445,505,557,606
FP,13,9,11,11,12,14,16,14,13
FN,2,7,15,14,16,20,19,21,24
Precision,0.8737864077669902,0.9502762430939227,0.9578544061302682,0.9669669669669669,0.9698492462311558,0.9694989106753813,0.9692898272552783,0.9754816112084063,0.9789983844911146
Recall,0.9782608695652174,0.9608938547486033,0.9433962264150944,0.9583333333333334,0.9601990049751243,0.956989247311828,0.9637404580152672,0.9636678200692042,0.9619047619047619
F1,0.923076923076923,0.9555555555555556,0.9505703422053232,0.9626307922272048,0.965,0.9632034632034632,0.9665071770334929,0.969538729329852,0.9703763010408327
PredictTime,31.498993158340454,35.67840099334717,42.713239669799805,48.51507759094238,57.85411286354065,61.904003620147705,67.46414852142334,73.44022846221924,75.51088380813599
""
model_name:,xlm-roberta-large-finetuned-conll03-english__input_ALL_eval_bottom.
Win,0,1,2,3,4,5,6,7,8
TP,90,87,87,90,88,87,88,88,88
FP,13,5,4,3,3,3,3,3,3
FN,2,5,5,2,4,5,4,4,4
Precision,0.8737864077669902,0.9456521739130435,0.9560439560439561,0.967741935483871,0.967032967032967,0.9666666666666667,0.967032967032967,0.967032967032967,0.967032967032967
Recall,0.9782608695652174,0.9456521739130435,0.9456521739130435,0.9782608695652174,0.9565217391304348,0.9456521739130435,0.9565217391304348,0.9565217391304348,0.9565217391304348
F1,0.923076923076923,0.9456521739130435,0.9508196721311475,0.972972972972973,0.9617486338797815,0.956043956043956,0.9617486338797815,0.9617486338797815,0.9617486338797815
PredictTime,31.498993158340454,35.67840099334717,42.713239669799805,48.51507759094238,57.85411286354065,61.904003620147705,67.46414852142334,73.44022846221924,75.51088380813599
""
model_name:,xlm-roberta-large-finetuned-conll03-english__input_ALL_eval_weighted_user.
Win,0,1,2,3,4,5,6,7,8
TP,77.0,70.0,58.00000000000006,58.91666666666668,62.21666666666671,63.94999999999999,65.43571428571438,66.13214285714288,66.53095238095251
FP,2.0,0.0,0.0,0.0,0.0,0.0,0.0,0.0,0.0
FN,0.0,1.5,2.0,1.5,0.8,0.8333333333333333,0.42857142857142855,0.42857142857142855,0.5714285714285714
Precision,0.9746835443037974,1.0,1.0,1.0,1.0,1.0,1.0,1.0,1.0
Recall,1.0,0.9790209790209791,0.9666666666666667,0.9751724137931035,0.9873049457815394,0.9871366092101879,0.9934931135451687,0.9935611954713741,0.991484228080758
F1,0.9871794871794872,0.989399293286219,0.983050847457627,0.9874301675977654,0.9936119244077722,0.9935266701191093,0.9967359373299967,0.9967701997093179,0.9957239069237074
PredictTime,31.498993158340454,35.67840099334717,42.713239669799805,48.51507759094238,57.85411286354065,61.904003620147705,67.46414852142334,73.44022846221924,75.51088380813599
""
